Name,Variation,Type1,Type2,Total,HP,Attack,Defense,Sp.Atk,Sp.Def,Speed,Attack.especial
Bulbasaur,,Grass,Poison,318.0,45.0,49.0,49,65,65,45.0,1.0
Ivysaur,,Grass,Poison,405.0,60.0,62.0,63,80,80,60.0,0.0
Venusaur,,Grass,Poison,525.0,80.0,82.0,83,100,100,80.0,1.0
Venusaur,Mega ,Grass,Poison,625.0,80.0,100.0,123,122,120,80.0,0.0
Charmander,,Fire,,309.0,39.0,52.0,43,60,50,65.0,1.0
Charmeleon,,Fire,,405.0,58.0,64.0,58,80,65,80.0,1.0
Charizard,,Fire,Flying,534.0,78.0,,78,109,85,100.0,1.0
Charizard,Mega X,Fire,Dragon,634.0,78.0,130.0,111,130,85,100.0,1.0
Charizard,Mega Y,Fire,Flying,634.0,78.0,104.0,78,159,115,100.0,0.0
Squirtle,,Water,,314.0,44.0,48.0,65,50,64,43.0,
Wartortle,,Water,,405.0,59.0,63.0,80,65,80,58.0,1.0
Blastoise,,Water,,530.0,79.0,83.0,100,85,105,78.0,0.0
Blastoise,Mega,Water,,630.0,79.0,103.0,120,135,115,78.0,1.0
Caterpie,,Bug,,195.0,45.0,30.0,35,20,20,45.0,
Metapod,,Bug,,205.0,,20.0,55,25,25,30.0,1.0
Butterfree,,Bug,Flying,395.0,60.0,,50,90,80,70.0,1.0
Weedle,,Bug,Poison,195.0,40.0,35.0,30,20,20,50.0,1.0
Kakuna,,Bug,Poison,,45.0,25.0,50,25,25,35.0,1.0
Beedrill,,Bug,Poison,,65.0,90.0,40,45,80,75.0,
Beedrill,Mega,Bug,Poison,495.0,65.0,150.0,40,15,80,145.0,1.0
Pidgey,,Normal,Flying,251.0,40.0,45.0,40,35,35,56.0,1.0
Pidgeotto,,Normal,Flying,349.0,63.0,60.0,55,50,50,71.0,0.0
Pidgeot,,Normal,Flying,479.0,83.0,,75,70,70,101.0,1.0
Pidgeot,Mega ,Normal,Flying,579.0,83.0,80.0,80,135,80,121.0,0.0
Rattata,,Normal,,253.0,30.0,56.0,35,25,35,72.0,1.0
Rattata,Alolan,Dark,Normal,253.0,30.0,56.0,35,25,35,72.0,1.0
Raticate,,Normal,,413.0,55.0,81.0,60,50,70,97.0,
Raticate,Alolan ,Dark,Normal,413.0,75.0,71.0,70,40,80,77.0,1.0
Spearow,,Normal,Flying,262.0,40.0,,30,31,31,70.0,
Fearow,,Normal,Flying,442.0,65.0,90.0,65,61,61,100.0,1.0
Ekans,,Poison,,288.0,35.0,60.0,44,40,54,55.0,1.0
Arbok,,Poison,,448.0,60.0,95.0,69,65,79,80.0,0.0
Pikachu,,Electric,,320.0,35.0,55.0,40,50,50,90.0,1.0
Pikachu,Partner ,Electric,,430.0,45.0,80.0,50,75,60,120.0,0.0
Raichu,,Electric,,485.0,60.0,90.0,55,90,80,110.0,1.0
Raichu,Alolan ,Electric,Psychic,485.0,60.0,85.0,50,95,85,110.0,1.0
Sandshrew,,Ground,,300.0,50.0,75.0,85,20,30,40.0,1.0
Sandshrew,Alolan ,Ice,Steel,300.0,50.0,,90,10,35,40.0,1.0
Sandslash,,Ground,,,,100.0,110,45,55,65.0,
Sandslash,Alolan ,Ice,Steel,450.0,75.0,100.0,120,25,65,65.0,1.0
Nidoran,Female,Poison,,275.0,55.0,47.0,52,40,40,41.0,
Nidorina,,Poison,,365.0,70.0,62.0,67,55,55,56.0,
Nidoqueen,,Poison,Ground,505.0,90.0,92.0,87,75,85,76.0,
Nidoran,Male,Poison,,273.0,,57.0,40,40,40,50.0,
Nidorino,,Poison,,365.0,61.0,72.0,57,55,55,65.0,
Nidoking,,Poison,Ground,505.0,81.0,102.0,77,85,75,85.0,
Clefairy,,Fairy,,323.0,70.0,45.0,48,60,65,35.0,
Clefable,,Fairy,,483.0,95.0,70.0,73,95,90,60.0,
Vulpix,,Fire,,299.0,38.0,,40,50,65,65.0,
Vulpix,Alolan ,Ice,,299.0,38.0,41.0,40,50,65,65.0,
Ninetales,,Fire,,505.0,,76.0,75,81,100,100.0,
Ninetales,Alolan ,Ice,Fairy,505.0,73.0,67.0,75,81,100,109.0,
Jigglypuff,,Normal,Fairy,270.0,115.0,45.0,20,45,25,20.0,
Wigglytuff,,Normal,Fairy,435.0,140.0,,45,85,50,45.0,
Zubat,,Poison,Flying,245.0,,45.0,35,30,40,55.0,
Golbat,,Poison,Flying,455.0,75.0,,70,65,75,90.0,
Oddish,,Grass,Poison,320.0,45.0,50.0,55,75,65,30.0,
Gloom,,Grass,Poison,395.0,60.0,,70,85,75,40.0,
Vileplume,,Grass,Poison,490.0,75.0,,85,110,90,50.0,
Paras,,Bug,Grass,285.0,35.0,70.0,55,45,55,25.0,
Parasect,,Bug,Grass,405.0,60.0,95.0,80,60,80,30.0,
Venonat,,Bug,Poison,305.0,60.0,55.0,50,40,55,45.0,
Venomoth,,Bug,Poison,450.0,70.0,65.0,60,90,75,90.0,
Diglett,,Ground,,,10.0,55.0,25,35,45,95.0,
Diglett,Alolan ,Ground,Steel,265.0,10.0,55.0,30,35,45,90.0,
Dugtrio,,Ground,,425.0,35.0,,50,50,70,120.0,
Dugtrio,Alolan ,Ground,Steel,425.0,35.0,100.0,60,50,70,110.0,
Meowth,,Normal,,290.0,40.0,45.0,35,40,40,90.0,
Meowth,Alolan ,Dark,,290.0,40.0,35.0,35,50,40,90.0,
Meowth,Galarian ,Steel,,290.0,50.0,65.0,55,40,40,40.0,
Persian,,Normal,,,65.0,70.0,60,65,65,115.0,
Persian,Alolan ,Dark,,440.0,65.0,,60,75,65,115.0,
Psyduck,,Water,,,50.0,52.0,48,65,50,55.0,
Golduck,,Water,,500.0,80.0,82.0,78,95,80,85.0,
Mankey,,Fighting,,305.0,,80.0,35,35,45,70.0,1.0
Primeape,,Fighting,,455.0,65.0,105.0,60,60,70,95.0,0.0
Growlithe,,Fire,,350.0,55.0,70.0,45,70,50,60.0,1.0
Arcanine,,Fire,,,90.0,110.0,80,100,80,95.0,0.0
Poliwag,,Water,,300.0,40.0,,40,40,40,90.0,1.0
Poliwhirl,,Water,,385.0,65.0,65.0,65,50,50,90.0,1.0
Poliwrath,,Water,Fighting,510.0,90.0,95.0,95,70,90,70.0,1.0
Abra,,Psychic,,310.0,25.0,20.0,15,105,55,90.0,1.0
Kadabra,,Psychic,,,40.0,35.0,30,120,70,105.0,0.0
Alakazam,,Psychic,,500.0,,50.0,45,135,95,120.0,1.0
Alakazam,Mega ,Psychic,,600.0,55.0,50.0,65,175,105,150.0,
Machop,,Fighting,,,,80.0,50,35,35,35.0,
Machoke,,Fighting,,405.0,80.0,100.0,70,50,60,45.0,1.0
Machamp,,Fighting,,505.0,90.0,130.0,80,65,85,55.0,0.0
Bellsprout,,Grass,Poison,300.0,50.0,75.0,35,70,30,40.0,
Weepinbell,,Grass,Poison,390.0,65.0,90.0,50,85,45,55.0,1.0
Victreebel,,Grass,Poison,,80.0,,65,100,70,70.0,1.0
Tentacool,,Water,Poison,335.0,40.0,40.0,35,50,100,70.0,1.0
Tentacruel,,Water,Poison,,80.0,70.0,65,80,120,100.0,0.0
Geodude,,Rock,Ground,300.0,40.0,80.0,100,30,30,20.0,1.0
Geodude,Alolan ,Rock,Electric,300.0,40.0,80.0,100,30,30,20.0,1.0
Graveler,,Rock,Ground,390.0,55.0,,115,45,45,35.0,0.0
Graveler,Alolan,Rock,Electric,390.0,55.0,95.0,115,45,45,35.0,1.0
Golem,,Rock,Ground,495.0,80.0,120.0,130,55,65,45.0,
Golem,Alolan ,Rock,Electric,495.0,80.0,120.0,130,55,65,45.0,1.0
Ponyta,,Fire,,,50.0,85.0,55,65,65,90.0,1.0
Ponyta,Galarian ,Psychic,,410.0,50.0,85.0,55,65,65,90.0,1.0
Rapidash,,Fire,,500.0,65.0,100.0,70,80,80,105.0,1.0
Rapidash,Galarian ,Psychic,Fairy,500.0,65.0,,70,80,80,105.0,0.0
Slowpoke,,Water,Psychic,315.0,90.0,65.0,65,40,40,15.0,1.0
Slowpoke,Galarian ,Psychic,,315.0,90.0,65.0,65,40,40,15.0,1.0
Slowbro,,Water,Psychic,490.0,95.0,75.0,110,100,80,30.0,0.0
Slowbro,Mega ,Water,Psychic,590.0,95.0,75.0,180,130,80,30.0,1.0
Slowbro,Galarian ,Poison,Psychic,490.0,,100.0,95,100,70,30.0,0.0
Magnemite,,Electric,Steel,325.0,25.0,35.0,70,95,55,45.0,1.0
Magneton,,Electric,Steel,465.0,50.0,60.0,95,120,70,70.0,1.0
Farfetch'd,,Normal,Flying,377.0,52.0,90.0,55,58,62,60.0,1.0
Farfetch'd,Galarian ,Fighting,,377.0,52.0,95.0,55,58,62,55.0,1.0
Doduo,,Normal,Flying,310.0,35.0,85.0,45,35,35,75.0,0.0
Dodrio,,Normal,Flying,470.0,60.0,,70,60,60,110.0,1.0
Seel,,Water,,325.0,65.0,,55,45,70,45.0,
Dewgong,,Water,Ice,475.0,90.0,70.0,80,70,95,70.0,
Grimer,,Poison,,325.0,80.0,80.0,50,40,50,25.0,
Grimer,Alolan ,Poison,Dark,325.0,80.0,80.0,50,40,50,25.0,
Muk,,Poison,,500.0,105.0,105.0,75,65,100,50.0,
Muk,Alolan ,Poison,Dark,500.0,105.0,105.0,75,65,100,50.0,
Shellder,,Water,,305.0,30.0,65.0,100,45,25,40.0,
Cloyster,,Water,Ice,,50.0,95.0,180,85,45,70.0,
Gastly,,Ghost,Poison,310.0,30.0,35.0,30,100,35,80.0,
Haunter,,Ghost,Poison,405.0,45.0,50.0,45,115,55,95.0,
Gengar,,Ghost,Poison,500.0,60.0,65.0,60,130,75,110.0,
Gengar,Mega ,Ghost,Poison,600.0,60.0,65.0,80,170,95,130.0,
Onix,,Rock,Ground,385.0,35.0,,160,30,45,70.0,
Drowzee,,Psychic,,328.0,60.0,,45,43,90,42.0,
Hypno,,Psychic,,483.0,85.0,73.0,70,73,115,67.0,
Krabby,,Water,,,30.0,,90,25,25,50.0,
Kingler,,Water,,475.0,55.0,130.0,115,50,50,75.0,
Voltorb,,Electric,,330.0,40.0,30.0,50,55,55,100.0,
Electrode,,Electric,,490.0,60.0,50.0,70,80,80,150.0,
Exeggcute,,Grass,Psychic,325.0,60.0,40.0,80,60,45,40.0,
Exeggutor,,Grass,Psychic,530.0,95.0,,85,125,75,55.0,
Exeggutor,Alolan ,Grass,Dragon,530.0,95.0,,85,125,75,45.0,
Cubone,,Ground,,320.0,50.0,,95,40,50,35.0,
Marowak,,Ground,,425.0,60.0,80.0,110,50,80,45.0,
Marowak,Alolan ,Fire,Ghost,425.0,,,110,50,80,45.0,
Hitmonlee,,Fighting,,455.0,50.0,120.0,53,35,110,87.0,
Hitmonchan,,Fighting,,455.0,50.0,105.0,79,35,110,76.0,
Lickitung,,Normal,,,90.0,55.0,75,60,75,30.0,
Koffing,,Poison,,340.0,40.0,65.0,95,60,45,35.0,
Weezing,,Poison,,490.0,65.0,90.0,120,85,70,60.0,0.0
Weezing,Galarian ,Poison,Fairy,490.0,65.0,90.0,120,85,70,60.0,1.0
Rhyhorn,,Ground,Rock,345.0,80.0,85.0,95,30,30,25.0,0.0
Rhydon,,Ground,Rock,485.0,105.0,130.0,120,45,45,40.0,1.0
Chansey,,Normal,,,250.0,,5,35,105,50.0,1.0
Tangela,,Grass,,435.0,65.0,,115,100,40,,1.0
Kangaskhan,,Normal,,490.0,105.0,95.0,80,40,80,,1.0
Kangaskhan,Mega ,Normal,,590.0,105.0,,100,60,100,,
Horsea,,Water,,295.0,30.0,40.0,70,70,25,,1.0
Seadra,,Water,,440.0,55.0,65.0,95,95,45,,1.0
Goldeen,,Water,,320.0,45.0,67.0,60,35,50,,0.0
Seaking,,Water,,450.0,80.0,92.0,65,65,80,,1.0
Staryu,,Water,,340.0,30.0,45.0,55,70,55,,0.0
Starmie,,Water,Psychic,520.0,60.0,75.0,85,100,85,,1.0
Mr.Mime,,Psychic,Fairy,460.0,,,65,100,120,,
Mr.Mime,Galarian ,Ice,Psychic,460.0,,65.0,65,90,90,,1.0
Scyther,,Bug,Flying,500.0,70.0,110.0,80,55,80,,1.0
Jynx,,Ice,Psychic,455.0,65.0,50.0,35,115,95,,0.0
Electabuzz,,Electric,,490.0,65.0,,57,95,85,,1.0
Magmar,,Fire,,,65.0,95.0,57,100,85,,
Pinsir,,Bug,,500.0,65.0,125.0,100,55,70,,0.0
Pinsir,Mega ,Bug,Flying,600.0,65.0,,120,65,90,,1.0
Tauros,,Normal,,490.0,75.0,100.0,95,40,70,,0.0
Magikarp,,Water,,,20.0,,55,15,20,80.0,1.0
Gyarados,,Water,Flying,540.0,95.0,125.0,79,60,100,81.0,1.0
Gyarados,Mega ,Water,Dark,640.0,95.0,155.0,109,70,130,81.0,1.0
Lapras,,Water,Ice,535.0,130.0,85.0,80,85,95,60.0,1.0
Ditto,,Normal,,288.0,48.0,48.0,48,48,48,48.0,0.0
Eevee,,Normal,,325.0,55.0,55.0,50,45,65,55.0,1.0
Eevee,Partner ,Normal,,435.0,65.0,75.0,70,65,85,75.0,1.0
Vaporeon,,Water,,525.0,,,60,110,95,65.0,0.0
Jolteon,,Electric,,525.0,65.0,65.0,60,110,95,130.0,1.0
Flareon,,Fire,,525.0,,,60,95,110,65.0,0.0
Porygon,,Normal,,395.0,65.0,60.0,70,85,75,40.0,1.0
Omanyte,,Rock,Water,355.0,35.0,40.0,100,90,55,35.0,1.0
Omastar,,Rock,Water,495.0,70.0,60.0,125,115,70,55.0,1.0
Kabuto,,Rock,Water,355.0,30.0,80.0,90,55,45,55.0,1.0
Kabutops,,Rock,Water,495.0,,115.0,105,65,70,80.0,0.0
Aerodactyl,,Rock,Flying,515.0,80.0,105.0,65,60,75,130.0,1.0
Aerodactyl,Mega ,Rock,Flying,,80.0,,85,70,95,150.0,
Snorlax,,Normal,,540.0,160.0,110.0,65,65,110,30.0,
Articuno,,Ice,Flying,580.0,90.0,,100,95,125,85.0,
Articuno,Galarian ,Psychic,Flying,580.0,90.0,85.0,85,125,100,95.0,
Zapdos,,Electric,Flying,580.0,90.0,90.0,85,125,90,100.0,
Zapdos,Galarian ,Fighting,Flying,580.0,90.0,125.0,90,85,90,100.0,
Moltres,,Fire,Flying,580.0,90.0,100.0,90,125,85,90.0,
Moltres,Galarian ,Dark,Flying,580.0,90.0,85.0,90,100,125,90.0,
Dratini,,Dragon,,300.0,41.0,64.0,45,50,50,50.0,
Dragonair,,Dragon,,420.0,61.0,84.0,65,70,70,70.0,
Dragonite,,Dragon,Flying,600.0,91.0,,95,100,100,80.0,
Mewtwo,,Psychic,,680.0,106.0,,90,154,90,130.0,
Mewtwo,Mega X,Psychic,Fighting,780.0,106.0,190.0,100,154,100,130.0,
Mewtwo,Mega Y,Psychic,,780.0,106.0,150.0,70,194,120,140.0,
Mew,,Psychic,,600.0,100.0,,100,100,100,100.0,
Chikorita,,Grass,,318.0,45.0,49.0,65,49,65,45.0,
Bayleef,,Grass,,405.0,60.0,62.0,80,63,80,60.0,
Meganium,,Grass,,525.0,80.0,82.0,100,83,100,80.0,
Cyndaquil,,Fire,,309.0,39.0,52.0,43,60,50,65.0,
Quilava,,Fire,,405.0,58.0,64.0,58,80,65,80.0,
Typhlosion,,Fire,,534.0,78.0,84.0,78,109,85,100.0,
Totodile,,Water,,314.0,,65.0,64,44,48,43.0,
Croconaw,,Water,,405.0,65.0,80.0,80,59,63,58.0,
Feraligatr,,Water,,530.0,85.0,105.0,100,79,83,78.0,
Sentret,,Normal,,,35.0,46.0,34,35,45,20.0,
Furret,,Normal,,415.0,85.0,,64,45,55,90.0,
Hoothoot,,Normal,Flying,262.0,60.0,30.0,30,36,56,50.0,
Noctowl,,Normal,Flying,452.0,100.0,50.0,50,86,96,70.0,
Ledyba,,Bug,Flying,265.0,40.0,20.0,30,40,80,55.0,
Ledian,,Bug,Flying,390.0,55.0,35.0,50,55,110,85.0,
Spinarak,,Bug,Poison,,,60.0,40,40,40,30.0,
Ariados,,Bug,Poison,400.0,70.0,90.0,70,60,70,,
Crobat,,Poison,Flying,535.0,85.0,90.0,80,70,80,,
Chinchou,,Water,Electric,330.0,75.0,,38,56,56,,
Lanturn,,Water,Electric,460.0,125.0,58.0,58,76,76,,
Pichu,,Electric,,205.0,20.0,40.0,15,35,35,,
Cleffa,,Fairy,,218.0,,25.0,28,45,55,,
Igglybuff,,Normal,Fairy,210.0,90.0,,15,40,20,,
Togepi,,Fairy,,245.0,,20.0,65,40,65,,
Togetic,,Fairy,Flying,405.0,55.0,,85,80,105,,
Natu,,Psychic,Flying,320.0,40.0,50.0,45,70,45,,
Xatu,,Psychic,Flying,470.0,,75.0,70,95,70,,
Mareep,,Electric,,280.0,55.0,40.0,40,65,45,,
Flaaffy,,Electric,,365.0,70.0,55.0,55,80,60,,
Ampharos,,Electric,,510.0,90.0,75.0,85,115,90,,
Ampharos,Mega ,Electric,Dragon,610.0,90.0,95.0,105,165,110,,
Bellossom,,Grass,,490.0,75.0,80.0,95,90,100,,
Marill,,Water,Fairy,250.0,70.0,20.0,50,20,50,,
Azumarill,,Water,Fairy,420.0,100.0,50.0,80,60,80,,
Sudowoodo,,Rock,,410.0,70.0,100.0,115,30,65,,
Politoed,,Water,,500.0,,75.0,75,90,100,,
Hoppip,,Grass,Flying,,35.0,35.0,40,35,55,,
Skiploom,,Grass,Flying,340.0,55.0,45.0,50,45,65,80.0,
Jumpluff,,Grass,Flying,460.0,75.0,,70,55,95,110.0,
Aipom,,Normal,,,55.0,70.0,55,40,55,85.0,
Sunkern,,Grass,,180.0,,,30,30,30,30.0,
Sunflora,,Grass,,425.0,75.0,75.0,55,105,85,30.0,
Yanma,,Bug,Flying,390.0,,65.0,45,75,45,95.0,
Wooper,,Water,Ground,210.0,55.0,45.0,45,25,25,15.0,
Quagsire,,Water,Ground,430.0,95.0,85.0,85,65,65,35.0,
Espeon,,Psychic,,525.0,65.0,65.0,60,130,95,110.0,
Umbreon,,Dark,,525.0,95.0,,110,60,130,65.0,
Murkrow,,Dark,Flying,405.0,60.0,85.0,42,85,42,91.0,
Slowking,,Water,Psychic,490.0,95.0,75.0,80,100,110,30.0,
Slowking,Galarian ,Poison,Psychic,490.0,95.0,65.0,80,110,110,30.0,
Misdreavus,,Ghost,,435.0,60.0,60.0,60,85,85,85.0,
Unown,,Psychic,,,48.0,72.0,48,72,48,48.0,
Wobbuffet,,Psychic,,405.0,,33.0,58,33,58,33.0,
Girafarig,,Normal,Psychic,455.0,,80.0,65,90,65,85.0,
Pineco,,Bug,,290.0,50.0,65.0,90,35,35,15.0,
Forretress,,Bug,Steel,465.0,75.0,90.0,140,60,60,40.0,
Dunsparce,,Normal,,,100.0,,70,65,65,45.0,
Gligar,,Ground,Flying,,65.0,,105,35,65,85.0,
Steelix,,Steel,Ground,510.0,75.0,85.0,200,55,65,30.0,
Steelix,Mega ,Steel,Ground,610.0,75.0,125.0,230,55,95,30.0,
Snubbull,,Fairy,,300.0,60.0,80.0,50,40,40,30.0,
Granbull,,Fairy,,450.0,90.0,120.0,75,60,60,45.0,
Qwilfish,,Water,Poison,440.0,65.0,95.0,85,55,55,85.0,
Scizor,,Bug,Steel,500.0,70.0,,100,55,80,65.0,
Scizor,Mega ,Bug,Steel,600.0,70.0,150.0,140,65,100,75.0,
Shuckle,,Bug,Rock,505.0,20.0,10.0,230,10,230,5.0,
Heracross,,Bug,Fighting,500.0,80.0,125.0,75,40,95,85.0,
Heracross,Mega ,Bug,Fighting,600.0,80.0,185.0,115,40,105,75.0,
Sneasel,,Dark,Ice,430.0,55.0,95.0,55,35,75,115.0,
Teddiursa,,Normal,,,60.0,80.0,50,50,50,40.0,
Ursaring,,Normal,,,90.0,130.0,75,75,75,55.0,
Slugma,,Fire,,250.0,40.0,40.0,40,70,40,20.0,
Magcargo,,Fire,Rock,430.0,60.0,50.0,120,90,80,30.0,
Swinub,,Ice,Ground,250.0,50.0,50.0,40,30,30,50.0,
Piloswine,,Ice,Ground,450.0,100.0,100.0,80,60,60,50.0,
Corsola,,Water,Rock,410.0,65.0,55.0,95,65,95,35.0,
Corsola,Galarian ,Ghost,,410.0,60.0,55.0,100,65,100,30.0,
Remoraid,,Water,,,35.0,65.0,35,65,35,65.0,
Octillery,,Water,,480.0,75.0,,75,105,75,45.0,
Delibird,,Ice,Flying,330.0,45.0,55.0,45,65,45,75.0,
Mantine,,Water,Flying,485.0,85.0,40.0,70,80,140,70.0,
Skarmory,,Steel,Flying,465.0,65.0,80.0,140,40,70,70.0,
Houndour,,Dark,Fire,330.0,45.0,60.0,30,80,50,65.0,
Houndoom,,Dark,Fire,500.0,75.0,90.0,50,110,80,95.0,
Houndoom,Mega ,Dark,Fire,600.0,,90.0,90,140,90,115.0,
Kingdra,,Water,Dragon,,75.0,95.0,95,95,95,85.0,
Phanpy,,Ground,,330.0,90.0,60.0,60,40,40,40.0,
Donphan,,Ground,,500.0,90.0,120.0,120,60,60,50.0,
Porygon2,,Normal,,515.0,85.0,80.0,90,105,95,60.0,
Stantler,,Normal,,465.0,73.0,95.0,62,85,65,85.0,
Smeargle,,Normal,,250.0,55.0,20.0,35,20,45,75.0,
Tyrogue,,Fighting,,210.0,35.0,35.0,35,35,35,35.0,
Hitmontop,,Fighting,,455.0,,95.0,95,35,110,70.0,
Smoochum,,Ice,Psychic,305.0,45.0,30.0,15,85,65,65.0,
Elekid,,Electric,,360.0,45.0,63.0,37,65,55,95.0,
Magby,,Fire,,,45.0,75.0,37,70,55,83.0,
Miltank,,Normal,,490.0,95.0,,105,40,70,100.0,
Blissey,,Normal,,540.0,255.0,,10,75,135,,
Raikou,,Electric,,580.0,90.0,85.0,75,115,100,,
Entei,,Fire,,580.0,115.0,115.0,85,90,75,,
Suicune,,Water,,580.0,100.0,75.0,115,90,115,,
Larvitar,,Rock,Ground,300.0,50.0,64.0,50,45,50,,
Pupitar,,Rock,Ground,410.0,70.0,84.0,70,65,70,,
Tyranitar,,Rock,Dark,600.0,100.0,134.0,110,95,100,,
Tyranitar,Mega ,Rock,Dark,700.0,100.0,164.0,150,95,120,,
Lugia,,Psychic,Flying,680.0,106.0,90.0,130,90,154,,
Ho-oh,,Fire,Flying,680.0,106.0,130.0,90,110,154,,
Celebi,,Psychic,Grass,600.0,100.0,100.0,100,100,100,,
Treecko,,Grass,,310.0,40.0,45.0,35,65,55,,
Grovyle,,Grass,,405.0,,65.0,45,85,65,,
Sceptile,,Grass,,530.0,,85.0,65,105,85,,
Sceptile,Mega ,Grass,Dragon,630.0,70.0,110.0,75,145,85,,
Torchic,,Fire,,310.0,45.0,60.0,40,70,50,,
Combusken,,Fire,Fighting,405.0,60.0,85.0,60,85,60,,
Blaziken,,Fire,Fighting,530.0,,120.0,70,110,70,,
Blaziken,Mega ,Fire,Fighting,630.0,80.0,160.0,80,130,80,,
Mudkip,,Water,,310.0,50.0,70.0,50,50,50,,
Marshtomp,,Water,Ground,405.0,70.0,,70,60,70,,
Swampert,,Water,Ground,535.0,100.0,110.0,90,85,90,,
Swampert,Mega ,Water,Ground,635.0,100.0,150.0,110,95,110,,
Poochyena,,Dark,,220.0,35.0,55.0,35,30,30,,
Mightyena,,Dark,,420.0,70.0,90.0,70,60,60,,
Zigzagoon,,Normal,,240.0,,30.0,41,30,41,,
Zigzagoon,Galarian ,Dark,Normal,240.0,38.0,30.0,41,30,41,60.0,
Linoone,,Normal,,420.0,78.0,70.0,61,50,61,100.0,
Linoone,Galarian ,Dark,Normal,420.0,78.0,70.0,61,50,61,100.0,
Wurmple,,Bug,,195.0,,45.0,35,20,30,20.0,
Silcoon,,Bug,,,50.0,,55,25,25,15.0,
Beautifly,,Bug,Flying,395.0,60.0,70.0,50,100,50,65.0,
Cascoon,,Bug,,205.0,50.0,35.0,55,25,25,15.0,
Dustox,,Bug,Poison,385.0,60.0,50.0,70,50,90,65.0,
Lotad,,Water,Grass,220.0,40.0,30.0,30,40,50,30.0,
Lombre,,Water,Grass,340.0,60.0,,50,60,70,50.0,
Ludicolo,,Water,Grass,480.0,80.0,70.0,70,90,100,70.0,
Seedot,,Grass,,220.0,40.0,40.0,50,30,30,30.0,
Nuzleaf,,Grass,Dark,340.0,70.0,70.0,40,60,40,60.0,
Shiftry,,Grass,Dark,480.0,90.0,100.0,60,90,60,80.0,
Taillow,,Normal,Flying,270.0,40.0,55.0,30,30,30,85.0,
Swellow,,Normal,Flying,455.0,60.0,85.0,60,75,50,125.0,
Wingull,,Water,Flying,270.0,40.0,30.0,30,55,30,85.0,
Pelipper,,Water,Flying,440.0,60.0,50.0,100,95,70,65.0,
Ralts,,Psychic,Fairy,198.0,28.0,25.0,25,45,35,40.0,
Kirlia,,Psychic,Fairy,278.0,38.0,35.0,35,65,55,50.0,
Gardevoir,,Psychic,Fairy,518.0,68.0,,65,125,115,80.0,
Gardevoir,Mega ,Psychic,Fairy,618.0,68.0,85.0,65,165,135,100.0,
Surskit,,Bug,Water,269.0,40.0,30.0,32,50,52,65.0,
Masquerain,,Bug,Flying,454.0,,60.0,62,100,82,80.0,
Shroomish,,Grass,,295.0,60.0,,60,40,60,35.0,
Breloom,,Grass,Fighting,460.0,60.0,130.0,80,60,60,70.0,
Slakoth,,Normal,,280.0,60.0,60.0,60,35,35,30.0,
Vigoroth,,Normal,,,80.0,80.0,80,55,55,90.0,
Slaking,,Normal,,670.0,150.0,160.0,100,95,65,100.0,
Nincada,,Bug,Ground,266.0,31.0,45.0,90,30,30,40.0,
Ninjask,,Bug,Flying,456.0,61.0,90.0,45,50,50,160.0,
Shedinja,,Bug,Ghost,236.0,1.0,,45,30,30,40.0,
Whismur,,Normal,,,64.0,51.0,23,51,23,28.0,
Loudred,,Normal,,360.0,84.0,71.0,43,71,43,48.0,
Exploud,,Normal,,490.0,104.0,91.0,63,91,73,68.0,
Makuhita,,Fighting,,237.0,72.0,60.0,30,20,30,25.0,
Hariyama,,Fighting,,474.0,144.0,120.0,60,40,60,50.0,
Azurill,,Normal,Fairy,190.0,50.0,20.0,40,20,40,20.0,
Nosepass,,Rock,,375.0,30.0,45.0,135,45,90,30.0,
Skitty,,Normal,,,50.0,,45,35,35,50.0,
Delcatty,,Normal,,400.0,70.0,65.0,65,55,55,90.0,
Sableye,,Dark,Ghost,380.0,50.0,75.0,75,65,65,50.0,
Sableye,Mega ,Dark,Ghost,480.0,50.0,85.0,125,85,115,20.0,
Mawile,,Steel,Fairy,380.0,50.0,85.0,85,55,55,50.0,1.0
Mawile,Mega ,Steel,Fairy,480.0,50.0,105.0,125,55,95,50.0,0.0
Aron,,Steel,Rock,330.0,50.0,70.0,100,40,40,30.0,1.0
Lairon,,Steel,Rock,430.0,60.0,90.0,140,50,50,40.0,0.0
Aggron,,Steel,Rock,530.0,70.0,,180,60,60,50.0,1.0
Aggron,Mega ,Steel,,630.0,70.0,140.0,230,60,80,50.0,1.0
Meditite,,Fighting,Psychic,280.0,30.0,40.0,55,40,55,60.0,1.0
Medicham,,Fighting,Psychic,410.0,60.0,60.0,75,60,75,80.0,1.0
Medicham,Mega ,Fighting,Psychic,510.0,60.0,100.0,85,80,85,100.0,0.0
Electrike,,Electric,,295.0,40.0,45.0,40,65,40,65.0,1.0
Manectric,,Electric,,475.0,70.0,75.0,60,105,60,105.0,1.0
Manectric,Mega ,Electric,,575.0,70.0,75.0,80,135,80,135.0,
Plusle,,Electric,,405.0,60.0,50.0,40,85,75,95.0,1.0
Minun,,Electric,,405.0,60.0,40.0,50,75,85,95.0,0.0
Volbeat,,Bug,,430.0,65.0,73.0,75,47,85,85.0,
Illumise,,Bug,,430.0,65.0,,75,73,85,85.0,1.0
Roselia,,Grass,Poison,400.0,50.0,,45,100,80,65.0,1.0
Gulpin,,Poison,,,,43.0,53,43,53,40.0,1.0
Swalot,,Poison,,,100.0,73.0,83,73,83,55.0,0.0
Carvanha,,Water,Dark,305.0,45.0,90.0,20,65,20,65.0,1.0
Sharpedo,,Water,Dark,460.0,70.0,120.0,40,95,40,95.0,1.0
Sharpedo,Mega ,Water,Dark,560.0,70.0,140.0,70,110,65,105.0,0.0
Wailmer,,Water,,,130.0,70.0,35,70,35,60.0,1.0
Wailord,,Water,,500.0,170.0,90.0,45,90,45,60.0,0.0
Numel,,Fire,Ground,305.0,60.0,60.0,40,65,45,35.0,1.0
Camerupt,,Fire,Ground,,70.0,100.0,70,105,75,40.0,1.0
Camerupt,Mega ,Fire,Ground,560.0,70.0,120.0,100,145,105,20.0,1.0
Torkoal,,Fire,,470.0,70.0,,140,85,70,20.0,1.0
Spoink,,Psychic,,330.0,60.0,25.0,35,70,80,60.0,0.0
Grumpig,,Psychic,,470.0,80.0,45.0,65,90,110,80.0,1.0
Spinda,,Normal,,360.0,60.0,60.0,60,60,60,60.0,1.0
Trapinch,,Ground,,290.0,45.0,100.0,45,45,45,10.0,0.0
Vibrava,,Ground,Dragon,340.0,50.0,70.0,50,50,50,70.0,
Flygon,,Ground,Dragon,520.0,80.0,100.0,80,80,80,100.0,0.0
Cacnea,,Grass,,335.0,50.0,85.0,40,85,40,35.0,1.0
Cacturne,,Grass,Dark,475.0,70.0,115.0,60,115,60,55.0,1.0
Swablu,,Normal,Flying,310.0,45.0,40.0,60,40,75,50.0,1.0
Altaria,,Dragon,Flying,490.0,,70.0,90,70,105,80.0,
Altaria,Mega ,Dragon,Fairy,590.0,75.0,110.0,110,110,105,80.0,0.0
Zangoose,,Normal,,458.0,,,60,60,60,90.0,1.0
Seviper,,Poison,,458.0,73.0,100.0,60,100,60,65.0,
Lunatone,,Rock,Psychic,460.0,90.0,55.0,65,95,85,70.0,
Solrock,,Rock,Psychic,460.0,90.0,95.0,85,55,65,70.0,
Barboach,,Water,Ground,288.0,50.0,,43,46,41,60.0,
Whiscash,,Water,Ground,468.0,110.0,78.0,73,76,71,60.0,
Corphish,,Water,,308.0,43.0,80.0,65,50,35,35.0,
Crawdaunt,,Water,Dark,468.0,63.0,120.0,85,90,55,55.0,
Baltoy,,Ground,Psychic,300.0,40.0,40.0,55,40,70,55.0,
Claydol,,Ground,Psychic,,60.0,70.0,105,70,120,75.0,
Lileep,,Rock,Grass,,66.0,41.0,77,61,87,23.0,
Cradily,,Rock,Grass,495.0,86.0,81.0,97,81,107,43.0,
Anorith,,Rock,Bug,355.0,45.0,95.0,50,40,50,75.0,
Armaldo,,Rock,Bug,,75.0,125.0,100,70,80,45.0,
Feebas,,Water,,200.0,20.0,15.0,20,10,55,80.0,
Milotic,,Water,,540.0,95.0,,79,100,125,81.0,
Castform,,Normal,,420.0,,,70,70,70,70.0,
Castform,Sunny ,Fire,,420.0,70.0,70.0,70,70,70,70.0,
Castform,Rainy ,Water,,420.0,70.0,70.0,70,70,70,70.0,
Castform,Snowy ,Ice,,420.0,70.0,70.0,70,70,70,70.0,
Kecleon,,Normal,,,60.0,90.0,70,60,120,40.0,
Shuppet,,Ghost,,295.0,44.0,75.0,35,63,33,45.0,
Banette,,Ghost,,455.0,64.0,115.0,65,83,63,65.0,
Banette,Mega ,Ghost,,555.0,64.0,165.0,75,93,83,75.0,
Duskull,,Ghost,,,20.0,40.0,90,30,90,25.0,
Dusclops,,Ghost,,455.0,,70.0,130,60,130,,
Tropius,,Grass,Flying,460.0,99.0,68.0,83,72,87,,
Chimecho,,Psychic,,455.0,75.0,50.0,80,95,90,,
Absol,,Dark,,,65.0,130.0,60,75,60,,
Absol,Mega ,Dark,,565.0,65.0,,60,115,60,,
Wynaut,,Psychic,,260.0,95.0,23.0,48,23,48,,
Snorunt,,Ice,,300.0,50.0,50.0,50,50,50,,
Glalie,,Ice,,480.0,80.0,80.0,80,80,80,,
Glalie,Mega ,Ice,,580.0,80.0,120.0,80,120,80,,
Spheal,,Ice,Water,290.0,70.0,40.0,50,55,50,,
Sealeo,,Ice,Water,410.0,90.0,60.0,70,75,70,,
Walrein,,Ice,Water,530.0,110.0,80.0,90,95,90,,
Clamperl,,Water,,345.0,35.0,64.0,85,74,55,,
Huntail,,Water,,485.0,55.0,104.0,105,94,75,,
Gorebyss,,Water,,485.0,55.0,84.0,105,114,75,,
Relicanth,,Water,Rock,485.0,100.0,90.0,130,45,65,,
Luvdisc,,Water,,330.0,43.0,30.0,55,40,65,,
Bagon,,Dragon,,300.0,45.0,75.0,60,40,30,,
Shelgon,,Dragon,,420.0,65.0,95.0,100,60,50,,1.0
Salamence,,Dragon,Flying,600.0,95.0,135.0,80,110,80,,0.0
Salamence,Mega ,Dragon,Flying,700.0,95.0,145.0,130,120,90,,1.0
Beldum,,Steel,Psychic,300.0,40.0,55.0,80,35,60,30.0,0.0
Metang,,Steel,Psychic,420.0,60.0,75.0,100,55,80,50.0,1.0
Metagross,,Steel,Psychic,,80.0,135.0,130,95,90,70.0,1.0
Metagross,Mega ,Steel,Psychic,700.0,80.0,145.0,150,105,110,110.0,
Regirock,,Rock,,580.0,80.0,100.0,200,50,100,50.0,1.0
Regice,,Ice,,580.0,80.0,50.0,100,100,200,50.0,0.0
Registeel,,Steel,,580.0,80.0,75.0,150,75,150,50.0,1.0
Latias,,Dragon,Psychic,600.0,80.0,80.0,90,110,130,110.0,1.0
Latias,Mega ,Dragon,Psychic,700.0,80.0,100.0,120,140,150,110.0,0.0
Latios,,Dragon,Psychic,600.0,80.0,90.0,80,130,110,110.0,1.0
Latios,Mega ,Dragon,Psychic,700.0,80.0,130.0,100,160,120,110.0,0.0
Kyogre,,Water,,670.0,,100.0,90,150,140,90.0,1.0
Kyogre,Primal ,Water,,770.0,100.0,150.0,90,180,160,90.0,1.0
Groudon,,Ground,,670.0,100.0,150.0,140,100,90,90.0,1.0
Groudon,Primal ,Ground,Fire,770.0,100.0,180.0,160,150,90,90.0,
Rayquaza,,Dragon,Flying,680.0,105.0,150.0,90,150,90,95.0,0.0
Rayquaza,Mega ,Dragon,Flying,780.0,105.0,180.0,100,180,100,115.0,1.0
Jirachi,,Steel,Psychic,600.0,100.0,100.0,100,100,100,100.0,
Deoxys,Normal ,Psychic,,600.0,50.0,150.0,50,150,50,150.0,
Deoxys,Attack ,Psychic,,600.0,50.0,180.0,20,180,20,150.0,1.0
Deoxys,Defense ,Psychic,,600.0,50.0,70.0,160,70,160,90.0,0.0
Deoxys,Speed ,Psychic,,,50.0,95.0,90,95,90,180.0,1.0
Turtwig,,Grass,,318.0,55.0,68.0,64,45,55,31.0,1.0
Grotle,,Grass,,405.0,75.0,,85,55,65,36.0,1.0
Torterra,,Grass,Ground,525.0,95.0,109.0,105,75,85,56.0,1.0
Chimchar,,Fire,,309.0,44.0,58.0,44,58,44,61.0,0.0
Monferno,,Fire,Fighting,405.0,64.0,78.0,52,78,52,81.0,1.0
Infernape,,Fire,Fighting,534.0,76.0,104.0,71,104,71,108.0,
Piplup,,Water,,314.0,53.0,51.0,53,61,56,40.0,0.0
Prinplup,,Water,,405.0,64.0,66.0,68,81,76,50.0,1.0
Empoleon,,Water,Steel,530.0,84.0,86.0,88,111,101,60.0,0.0
Starly,,Normal,Flying,245.0,40.0,55.0,30,30,30,60.0,1.0
Staravia,,Normal,Flying,340.0,55.0,75.0,50,40,40,80.0,1.0
Staraptor,,Normal,Flying,485.0,85.0,120.0,70,50,60,100.0,1.0
Bidoof,,Normal,,250.0,59.0,45.0,40,35,40,31.0,1.0
Bibarel,,Normal,Water,410.0,79.0,85.0,60,55,60,71.0,0.0
Kricketot,,Bug,,194.0,37.0,,41,25,41,25.0,1.0
Kricketune,,Bug,,384.0,77.0,85.0,51,55,51,65.0,
Shinx,,Electric,,263.0,,65.0,34,40,34,45.0,
Luxio,,Electric,,363.0,,,49,60,49,60.0,
Luxray,,Electric,,523.0,80.0,120.0,79,95,79,70.0,
Budew,,Grass,Poison,280.0,40.0,30.0,35,50,70,55.0,
Roserade,,Grass,Poison,515.0,60.0,70.0,65,125,105,90.0,
Cranidos,,Rock,,350.0,67.0,125.0,40,30,30,58.0,
Rampardos,,Rock,,495.0,97.0,165.0,60,65,50,58.0,
Shieldon,,Rock,Steel,350.0,30.0,42.0,118,42,88,30.0,
Bastiodon,,Rock,Steel,495.0,60.0,52.0,168,47,138,30.0,
Burmy,,Bug,,224.0,40.0,29.0,45,29,45,36.0,
Wormadam,Plant Cloak ,Bug,Grass,,60.0,59.0,85,79,105,36.0,
Wormadam,Sandy Cloak ,Bug,Ground,424.0,60.0,79.0,105,59,85,36.0,
Wormadam,Trash Cloak ,Bug,Steel,424.0,60.0,69.0,95,69,95,36.0,
Mothim,,Bug,Flying,424.0,70.0,94.0,50,94,50,66.0,
Combee,,Bug,Flying,244.0,30.0,30.0,42,30,42,70.0,
Vespiquen,,Bug,Flying,474.0,70.0,80.0,102,80,102,40.0,
Pachirisu,,Electric,,405.0,60.0,45.0,70,45,90,95.0,
Buizel,,Water,,330.0,55.0,65.0,35,60,30,85.0,
Floatzel,,Water,,495.0,85.0,105.0,55,85,50,115.0,
Cherubi,,Grass,,275.0,,35.0,45,62,53,35.0,
Cherrim,,Grass,,,70.0,60.0,70,87,78,85.0,
Shellos,,Water,,325.0,76.0,48.0,48,57,62,34.0,
Gastrodon,,Water,Ground,475.0,111.0,83.0,68,92,82,39.0,
Ambipom,,Normal,,482.0,75.0,100.0,66,60,66,115.0,
Drifloon,,Ghost,Flying,348.0,90.0,,34,60,44,70.0,
Drifblim,,Ghost,Flying,498.0,150.0,80.0,44,90,54,80.0,
Buneary,,Normal,,350.0,55.0,66.0,44,44,56,85.0,
Lopunny,,Normal,,480.0,65.0,76.0,84,54,96,105.0,
Lopunny,Mega ,Normal,Fighting,580.0,,136.0,94,54,96,135.0,
Mismagius,,Ghost,,495.0,60.0,60.0,60,105,105,105.0,
Honchkrow,,Dark,Flying,,100.0,125.0,52,105,52,71.0,
Glameow,,Normal,,310.0,49.0,55.0,42,42,37,85.0,
Purugly,,Normal,,,71.0,82.0,64,64,59,112.0,
Chingling,,Psychic,,285.0,45.0,30.0,50,65,50,45.0,
Stunky,,Poison,Dark,329.0,63.0,63.0,47,41,41,74.0,
Skuntank,,Poison,Dark,,103.0,93.0,67,71,61,84.0,
Bronzor,,Steel,Psychic,300.0,57.0,24.0,86,24,86,23.0,0.0
Bronzong,,Steel,Psychic,500.0,67.0,89.0,116,79,116,33.0,1.0
Bonsly,,Rock,,290.0,50.0,80.0,95,10,45,10.0,0.0
Mime Jr.,,Psychic,Fairy,310.0,20.0,25.0,45,70,90,60.0,1.0
Happiny,,Normal,,220.0,100.0,5.0,5,15,65,30.0,1.0
Chatot,,Normal,Flying,411.0,76.0,65.0,45,92,42,91.0,1.0
Spiritomb,,Ghost,Dark,,,92.0,108,92,108,35.0,1.0
Gible,,Dragon,Ground,300.0,58.0,70.0,45,40,45,42.0,0.0
Gabite,,Dragon,Ground,410.0,68.0,90.0,65,50,55,82.0,1.0
Garchomp,,Dragon,Ground,600.0,108.0,130.0,95,80,85,102.0,
Garchomp,Mega ,Dragon,Ground,700.0,108.0,170.0,115,120,95,92.0,0.0
Munchlax,,Normal,,390.0,,85.0,40,40,85,5.0,1.0
Riolu,,Fighting,,,40.0,70.0,40,35,40,60.0,0.0
Lucario,,Fighting,Steel,525.0,70.0,110.0,70,115,70,,
Lucario,Mega ,Fighting,Steel,625.0,70.0,145.0,88,140,70,,1.0
Hippopotas,,Ground,,330.0,68.0,72.0,78,38,42,,1.0
Hippowdon,,Ground,,525.0,108.0,112.0,118,68,72,,
Skorupi,,Poison,Bug,,40.0,50.0,90,30,55,,0.0
Drapion,,Poison,Dark,500.0,70.0,90.0,110,60,75,,1.0
Croagunk,,Poison,Fighting,300.0,48.0,61.0,40,61,40,,1.0
Toxicroak,,Poison,Fighting,,83.0,106.0,65,86,65,,0.0
Carnivine,,Grass,,,,100.0,72,90,72,,1.0
Finneon,,Water,,330.0,49.0,49.0,56,49,61,,0.0
Lumineon,,Water,,460.0,69.0,69.0,76,69,86,,1.0
Mantyke,,Water,Flying,345.0,45.0,,50,60,120,,1.0
Snover,,Grass,Ice,334.0,,62.0,50,62,60,,1.0
Abomasnow,,Grass,Ice,494.0,90.0,92.0,75,92,85,,1.0
Abomasnow,Mega ,Grass,Ice,,90.0,132.0,105,132,105,,0.0
Weavile,,Dark,Ice,,70.0,120.0,65,45,85,,1.0
Magnezone,,Electric,Steel,535.0,70.0,70.0,115,130,90,,1.0
Lickilicky,,Normal,,515.0,110.0,85.0,95,80,95,,
Rhyperior,,Ground,Rock,535.0,115.0,140.0,130,55,55,40.0,1.0
Tangrowth,,Grass,,535.0,100.0,100.0,125,110,50,50.0,
Electivire,,Electric,,540.0,75.0,,67,95,85,95.0,1.0
Magmortar,,Fire,,540.0,75.0,95.0,67,125,95,83.0,1.0
Togekiss,,Fairy,Flying,545.0,,50.0,95,120,115,80.0,1.0
Yanmega,,Bug,Flying,515.0,86.0,76.0,86,116,56,95.0,1.0
Leafeon,,Grass,,525.0,65.0,110.0,130,60,65,95.0,0.0
Glaceon,,Ice,,525.0,,60.0,110,130,95,65.0,1.0
Gliscor,,Ground,Flying,510.0,75.0,95.0,125,45,75,95.0,
Mamoswine,,Ice,Ground,530.0,110.0,130.0,80,70,60,80.0,
Porygon-Z,,Normal,,535.0,85.0,80.0,70,135,75,90.0,
Gallade,,Psychic,Fighting,518.0,,125.0,65,65,115,80.0,
Gallade,Mega ,Psychic,Fighting,618.0,68.0,165.0,95,65,115,110.0,
Probopass,,Rock,Steel,525.0,60.0,55.0,145,75,150,40.0,
Dusknoir,,Ghost,,525.0,45.0,100.0,135,65,135,45.0,
Froslass,,Ice,Ghost,480.0,70.0,80.0,70,80,70,110.0,
Rotom,,Electric,Ghost,440.0,50.0,50.0,77,95,77,91.0,
Rotom,Heat ,Electric,Fire,520.0,50.0,65.0,107,105,107,86.0,
Rotom,Wash ,Electric,Water,520.0,50.0,65.0,107,105,107,86.0,
Rotom,Frost ,Electric,Ice,520.0,50.0,65.0,107,105,107,86.0,
Rotom,Fan ,Electric,Flying,,50.0,,107,105,107,86.0,
Rotom,Mow ,Electric,Grass,520.0,50.0,65.0,107,105,107,86.0,
Uxie,,Psychic,,580.0,75.0,75.0,130,75,130,95.0,
Mesprit,,Psychic,,580.0,80.0,105.0,105,105,105,80.0,
Azelf,,Psychic,,580.0,75.0,125.0,70,125,70,115.0,
Dialga,,Steel,Dragon,680.0,100.0,120.0,120,150,100,90.0,
Palkia,,Water,Dragon,680.0,90.0,120.0,100,150,120,100.0,
Heatran,,Fire,Steel,600.0,91.0,90.0,106,130,106,77.0,
Regigigas,,Normal,,670.0,110.0,160.0,110,80,110,100.0,
Giratina,Altered ,Ghost,Dragon,680.0,150.0,100.0,120,100,120,90.0,
Giratina,Origin ,Ghost,Dragon,680.0,150.0,120.0,100,120,100,90.0,
Cresselia,,Psychic,,600.0,120.0,70.0,120,75,130,85.0,
Phione,,Water,,480.0,80.0,80.0,80,80,80,80.0,
Manaphy,,Water,,600.0,100.0,100.0,100,100,100,100.0,
Darkrai,,Dark,,600.0,,90.0,90,135,90,125.0,
Shaymin,Land ,Grass,,,100.0,100.0,100,100,100,100.0,
Shaymin,Sky ,Grass,Flying,600.0,100.0,103.0,75,120,75,127.0,
Arceus,,Normal,,720.0,120.0,,120,120,120,120.0,
Victini,,Psychic,Fire,600.0,100.0,100.0,100,100,100,100.0,
Snivy,,Grass,,308.0,45.0,45.0,55,45,55,63.0,
Servine,,Grass,,413.0,60.0,,75,60,75,83.0,
Serperior,,Grass,,528.0,75.0,75.0,95,75,95,113.0,
Tepig,,Fire,,308.0,65.0,63.0,45,45,45,45.0,
Pignite,,Fire,Fighting,418.0,90.0,93.0,55,70,55,55.0,
Emboar,,Fire,Fighting,528.0,,123.0,65,100,65,65.0,
Oshawott,,Water,,,55.0,,45,63,45,45.0,
Dewott,,Water,,413.0,75.0,75.0,60,83,60,60.0,
Samurott,,Water,,528.0,95.0,100.0,85,108,70,70.0,
Patrat,,Normal,,255.0,45.0,55.0,39,35,39,42.0,
Watchog,,Normal,,420.0,60.0,85.0,69,60,69,77.0,
Lillipup,,Normal,,275.0,45.0,60.0,45,25,45,55.0,
Herdier,,Normal,,370.0,65.0,80.0,65,35,65,60.0,
Stoutland,,Normal,,500.0,85.0,110.0,90,45,90,80.0,
Purrloin,,Dark,,281.0,41.0,50.0,37,50,37,66.0,
Liepard,,Dark,,446.0,64.0,88.0,50,88,50,106.0,
Pansage,,Grass,,316.0,50.0,53.0,48,53,48,64.0,
Simisage,,Grass,,498.0,75.0,,63,98,63,101.0,
Pansear,,Fire,,,50.0,53.0,48,53,48,64.0,
Simisear,,Fire,,498.0,75.0,98.0,63,98,63,101.0,
Panpour,,Water,,316.0,50.0,53.0,48,53,48,64.0,
Simipour,,Water,,498.0,75.0,98.0,63,98,63,101.0,
Munna,,Psychic,,292.0,76.0,25.0,45,67,55,24.0,
Musharna,,Psychic,,487.0,116.0,55.0,85,107,95,29.0,
Pidove,,Normal,Flying,264.0,50.0,55.0,50,36,30,43.0,
Tranquill,,Normal,Flying,358.0,62.0,77.0,62,50,42,65.0,
Unfezant,,Normal,Flying,488.0,80.0,115.0,80,65,55,93.0,
Blitzle,,Electric,,295.0,45.0,60.0,32,50,32,76.0,1.0
Zebstrika,,Electric,,497.0,75.0,100.0,63,80,63,116.0,0.0
Roggenrola,,Rock,,280.0,55.0,75.0,85,25,25,15.0,1.0
Boldore,,Rock,,390.0,70.0,,105,50,40,20.0,0.0
Gigalith,,Rock,,515.0,85.0,135.0,130,60,80,25.0,1.0
Woobat,,Psychic,Flying,323.0,65.0,45.0,43,55,43,72.0,1.0
Swoobat,,Psychic,Flying,425.0,67.0,57.0,55,77,55,114.0,1.0
Drilbur,,Ground,,,60.0,85.0,40,30,45,68.0,
Excadrill,,Ground,Steel,508.0,110.0,135.0,60,50,65,88.0,0.0
Audino,,Normal,,445.0,103.0,60.0,86,60,86,50.0,1.0
Audino,Mega ,Normal,Fairy,545.0,103.0,60.0,126,80,126,50.0,1.0
Timburr,,Fighting,,,75.0,80.0,55,25,35,35.0,0.0
Gurdurr,,Fighting,,405.0,85.0,105.0,85,40,50,40.0,1.0
Conkeldurr,,Fighting,,505.0,105.0,140.0,95,55,65,45.0,0.0
Tympole,,Water,,294.0,50.0,50.0,40,50,40,64.0,1.0
Palpitoad,,Water,Ground,384.0,75.0,65.0,55,65,55,69.0,1.0
Seismitoad,,Water,Ground,509.0,105.0,95.0,75,85,75,74.0,1.0
Throh,,Fighting,,465.0,120.0,100.0,85,30,85,45.0,1.0
Sawk,,Fighting,,465.0,75.0,125.0,75,30,75,85.0,0.0
Sewaddle,,Bug,Grass,310.0,45.0,53.0,70,40,60,42.0,1.0
Swadloon,,Bug,Grass,380.0,55.0,63.0,90,50,80,42.0,1.0
Leavanny,,Bug,Grass,500.0,75.0,,80,70,80,92.0,
Venipede,,Bug,Poison,260.0,30.0,,59,30,39,57.0,
Whirlipede,,Bug,Poison,360.0,40.0,55.0,99,40,79,47.0,0.0
Scolipede,,Bug,Poison,485.0,,100.0,89,55,69,112.0,1.0
Cottonee,,Grass,Fairy,280.0,40.0,27.0,60,37,50,66.0,1.0
Whimsicott,,Grass,Fairy,480.0,60.0,67.0,85,77,75,116.0,
Petilil,,Grass,,280.0,45.0,35.0,50,70,50,30.0,
Lilligant,,Grass,,480.0,70.0,60.0,75,110,75,90.0,
Basculin,Red-Striped,Water,,460.0,,92.0,65,80,55,98.0,1.0
Basculin,Blue-Striped,Water,,460.0,70.0,92.0,65,80,55,98.0,
Sandile,,Ground,Dark,,,72.0,35,35,35,65.0,0.0
Krokorok,,Ground,Dark,351.0,,82.0,45,45,45,74.0,1.0
Krookodile,,Ground,Dark,519.0,95.0,117.0,80,65,70,92.0,0.0
Darumaka,,Fire,,,70.0,90.0,45,15,45,50.0,1.0
Darumaka,Galarian ,Ice,,315.0,70.0,90.0,45,15,45,50.0,1.0
Darmanitan,Standard ,Fire,,480.0,105.0,140.0,55,30,55,95.0,1.0
Darmanitan,Zen ,Fire,Psychic,540.0,105.0,30.0,105,140,105,55.0,1.0
Darmanitan,Galarian Standard,Ice,,480.0,,140.0,55,30,55,95.0,0.0
Darmanitan,Galarian Zen ,Ice,Fire,540.0,105.0,160.0,55,30,55,135.0,1.0
Maractus,,Grass,,461.0,75.0,86.0,67,106,67,60.0,
Dwebble,,Bug,Rock,325.0,50.0,65.0,85,35,35,55.0,
Crustle,,Bug,Rock,485.0,70.0,105.0,125,65,75,45.0,
Scraggy,,Dark,Fighting,348.0,50.0,75.0,70,35,70,48.0,
Scrafty,,Dark,Fighting,488.0,65.0,90.0,115,45,115,58.0,
Sigilyph,,Psychic,Flying,490.0,72.0,,80,103,80,97.0,
Yamask,,Ghost,,303.0,38.0,30.0,85,55,65,30.0,
Yamask,Galarian ,Ground,Ghost,,38.0,55.0,85,30,65,30.0,
Cofagrigus,,Ghost,,483.0,58.0,,145,95,105,30.0,
Tirtouga,,Water,Rock,355.0,54.0,78.0,103,53,45,22.0,
Carracosta,,Water,Rock,495.0,74.0,108.0,133,83,65,32.0,
Archen,,Rock,Flying,401.0,55.0,112.0,45,74,45,70.0,
Archeops,,Rock,Flying,567.0,75.0,140.0,65,112,65,110.0,
Trubbish,,Poison,,329.0,50.0,50.0,62,40,62,65.0,
Garbodor,,Poison,,474.0,80.0,95.0,82,60,82,75.0,
Zorua,,Dark,,330.0,,65.0,40,80,40,65.0,
Zoroark,,Dark,,,60.0,,60,120,60,105.0,
Minccino,,Normal,,300.0,55.0,50.0,40,40,40,75.0,
Cinccino,,Normal,,470.0,,95.0,60,65,60,115.0,
Gothita,,Psychic,,290.0,45.0,30.0,50,55,65,45.0,
Gothorita,,Psychic,,390.0,60.0,45.0,70,75,85,55.0,
Gothitelle,,Psychic,,490.0,70.0,55.0,95,95,110,65.0,
Solosis,,Psychic,,290.0,45.0,,40,105,50,20.0,
Duosion,,Psychic,,370.0,65.0,40.0,50,125,60,30.0,
Reuniclus,,Psychic,,490.0,110.0,65.0,75,125,85,30.0,
Ducklett,,Water,Flying,305.0,62.0,44.0,50,44,50,55.0,
Swanna,,Water,Flying,473.0,75.0,,63,87,63,98.0,
Vanillite,,Ice,,305.0,36.0,50.0,50,65,60,44.0,
Vanillish,,Ice,,,,65.0,65,80,75,59.0,
Vanilluxe,,Ice,,535.0,71.0,95.0,85,110,95,,
Deerling,,Normal,Grass,335.0,60.0,,50,40,50,,
Sawsbuck,,Normal,Grass,475.0,80.0,,70,60,70,,
Emolga,,Electric,Flying,428.0,55.0,,60,75,60,,
Karrablast,,Bug,,315.0,50.0,,45,40,45,,
Escavalier,,Bug,Steel,495.0,70.0,,105,60,105,,
Foongus,,Grass,Poison,294.0,69.0,,45,55,55,,
Amoonguss,,Grass,Poison,464.0,114.0,85.0,70,85,80,,
Frillish,,Water,Ghost,335.0,55.0,40.0,50,65,85,,
Jellicent,,Water,Ghost,480.0,100.0,60.0,70,85,105,,
Alomomola,,Water,,470.0,165.0,75.0,80,40,45,,
Joltik,,Bug,Electric,319.0,50.0,47.0,50,57,50,,
Galvantula,,Bug,Electric,472.0,70.0,77.0,60,97,60,,
Ferroseed,,Grass,Steel,305.0,44.0,50.0,91,24,86,,
Ferrothorn,,Grass,Steel,489.0,74.0,94.0,131,54,116,,
Klink,,Steel,,300.0,40.0,55.0,70,45,60,30.0,
Klang,,Steel,,440.0,60.0,80.0,95,70,85,50.0,
Klinklang,,Steel,,520.0,,100.0,115,70,85,90.0,
Tynamo,,Electric,,275.0,35.0,55.0,40,45,40,60.0,
Eelektrik,,Electric,,405.0,65.0,85.0,70,75,70,40.0,
Eelektross,,Electric,,515.0,85.0,115.0,80,105,80,50.0,
Elgyem,,Psychic,,335.0,55.0,55.0,55,85,55,30.0,
Beheeyem,,Psychic,,,75.0,75.0,75,125,95,40.0,
Litwick,,Ghost,Fire,275.0,50.0,30.0,55,65,55,20.0,
Lampent,,Ghost,Fire,370.0,60.0,40.0,60,95,60,55.0,
Chandelure,,Ghost,Fire,520.0,,55.0,90,145,90,80.0,
Axew,,Dragon,,320.0,,87.0,60,30,40,57.0,
Fraxure,,Dragon,,410.0,66.0,117.0,70,40,50,67.0,
Haxorus,,Dragon,,540.0,76.0,147.0,90,60,70,97.0,
Cubchoo,,Ice,,305.0,55.0,70.0,40,60,40,40.0,
Beartic,,Ice,,505.0,95.0,130.0,80,70,80,50.0,
Cryogonal,,Ice,,515.0,80.0,,50,95,135,105.0,
Shelmet,,Bug,,305.0,50.0,,85,40,65,25.0,
Accelgor,,Bug,,495.0,80.0,70.0,40,100,60,145.0,
Stunfisk,,Ground,Electric,471.0,109.0,66.0,84,81,99,32.0,
Stunfisk,Galarian ,Ground,Steel,471.0,109.0,81.0,99,66,84,32.0,
Mienfoo,,Fighting,,350.0,45.0,85.0,50,55,50,65.0,
Mienshao,,Fighting,,510.0,65.0,125.0,60,95,60,105.0,
Druddigon,,Dragon,,485.0,,120.0,90,60,90,48.0,
Golett,,Ground,Ghost,303.0,59.0,74.0,50,35,50,35.0,
Golurk,,Ground,Ghost,483.0,89.0,124.0,80,55,80,55.0,
Pawniard,,Dark,Steel,340.0,45.0,85.0,70,40,40,60.0,
Bisharp,,Dark,Steel,,65.0,125.0,100,60,70,70.0,
Bouffalant,,Normal,,490.0,95.0,110.0,95,40,95,55.0,
Rufflet,,Normal,Flying,350.0,70.0,83.0,50,37,50,60.0,
Braviary,,Normal,Flying,510.0,100.0,123.0,75,57,75,80.0,
Vullaby,,Dark,Flying,370.0,70.0,,75,45,65,,
Mandibuzz,,Dark,Flying,,110.0,65.0,105,55,95,,
Heatmor,,Fire,,484.0,85.0,97.0,66,105,66,,
Durant,,Bug,Steel,484.0,58.0,109.0,112,48,48,,
Deino,,Dark,Dragon,300.0,52.0,65.0,50,45,50,,
Zweilous,,Dark,Dragon,420.0,72.0,85.0,70,65,70,,
Hydreigon,,Dark,Dragon,600.0,92.0,,90,125,90,,
Larvesta,,Bug,Fire,360.0,,85.0,55,50,55,,
Volcarona,,Bug,Fire,550.0,85.0,60.0,65,135,105,,
Cobalion,,Steel,Fighting,580.0,91.0,90.0,129,90,72,,
Terrakion,,Rock,Fighting,580.0,91.0,129.0,90,72,90,,
Virizion,,Grass,Fighting,580.0,,90.0,72,90,129,,
Tornadus,Incarnate ,Flying,,580.0,79.0,115.0,70,125,80,111.0,
Tornadus,Therian ,Flying,,580.0,,100.0,80,110,90,121.0,
Thundurus,Incarnate ,Electric,Flying,580.0,79.0,115.0,70,125,80,111.0,
Thundurus,Therian ,Electric,Flying,580.0,79.0,105.0,70,145,80,101.0,
Reshiram,,Dragon,Fire,680.0,100.0,120.0,100,150,120,90.0,
Zekrom,,Dragon,Electric,680.0,100.0,150.0,120,120,100,90.0,
Landorus,Incarnate ,Ground,Flying,600.0,89.0,125.0,90,115,80,101.0,
Landorus,Therian ,Ground,Flying,600.0,89.0,145.0,90,105,80,91.0,
Kyurem,,Dragon,Ice,,125.0,130.0,90,130,90,95.0,
Kyurem,Black ,Dragon,Ice,700.0,125.0,170.0,100,120,90,95.0,
Kyurem,White ,Dragon,Ice,700.0,125.0,120.0,90,170,100,95.0,
Keldeo,Ordinary ,Water,Fighting,,91.0,72.0,90,129,90,108.0,
Keldeo,Resolute ,Water,Fighting,580.0,91.0,72.0,90,129,90,108.0,
Meloetta,Aria ,Normal,Psychic,,100.0,77.0,77,128,128,90.0,
Meloetta,Pirouette ,Normal,Fighting,,100.0,128.0,90,77,77,128.0,
Genesect,,Bug,Steel,600.0,71.0,120.0,95,120,95,99.0,
Chespin,,Grass,,313.0,56.0,61.0,65,48,45,38.0,
Quilladin,,Grass,,405.0,61.0,,95,56,58,57.0,
Chesnaught,,Grass,Fighting,530.0,88.0,,122,74,75,64.0,
Fennekin,,Fire,,307.0,40.0,,40,62,60,60.0,
Braixen,,Fire,,,,59.0,58,90,70,73.0,
Delphox,,Fire,Psychic,534.0,75.0,69.0,72,114,100,104.0,
Froakie,,Water,,314.0,41.0,56.0,40,62,44,71.0,
Frogadier,,Water,,405.0,54.0,63.0,52,83,56,97.0,
Greninja,,Water,Dark,530.0,72.0,95.0,67,103,71,122.0,
Greninja,Ash-Greninja,Water,Dark,640.0,72.0,145.0,67,153,71,132.0,
Bunnelby,,Normal,,237.0,,,38,32,36,57.0,
Diggersby,,Normal,Ground,423.0,85.0,56.0,77,50,77,78.0,
Fletchling,,Normal,Flying,278.0,45.0,50.0,43,40,38,62.0,
Fletchinder,,Fire,Flying,382.0,62.0,73.0,55,56,52,84.0,
Talonflame,,Fire,Flying,499.0,78.0,,71,74,69,126.0,
Scatterbug,,Bug,,200.0,38.0,35.0,40,27,25,35.0,
Spewpa,,Bug,,213.0,45.0,,60,27,30,29.0,
Vivillon,,Bug,Flying,411.0,80.0,52.0,50,90,50,89.0,
Litleo,,Fire,Normal,369.0,,50.0,58,73,54,72.0,
Pyroar,,Fire,Normal,,86.0,68.0,72,109,66,106.0,
FlabÃ©bÃ©,,Fairy,,303.0,,38.0,39,61,79,42.0,1.0
Floette,,Fairy,,371.0,54.0,45.0,47,75,98,52.0,0.0
Florges,,Fairy,,552.0,78.0,65.0,68,112,154,75.0,1.0
Skiddo,,Grass,,350.0,66.0,65.0,48,62,57,52.0,0.0
Gogoat,,Grass,,531.0,123.0,100.0,62,97,81,68.0,1.0
Pancham,,Fighting,,348.0,,82.0,62,46,48,43.0,1.0
Pangoro,,Fighting,Dark,,95.0,124.0,78,69,71,58.0,1.0
Furfrou,,Normal,,472.0,,80.0,60,65,90,102.0,1.0
Espurr,,Psychic,,355.0,62.0,48.0,54,63,60,68.0,0.0
Meowstic,Male ,Psychic,,466.0,74.0,48.0,76,83,81,104.0,1.0
Meowstic,Female ,Psychic,,466.0,74.0,48.0,76,83,81,104.0,1.0
Honedge,,Steel,Ghost,325.0,45.0,80.0,100,35,37,28.0,0.0
Doublade,,Steel,Ghost,448.0,59.0,110.0,150,45,49,35.0,1.0
Aegislash,Shield ,Steel,Ghost,500.0,60.0,50.0,140,50,140,60.0,0.0
Aegislash,Blade ,Steel,Ghost,500.0,60.0,140.0,50,140,50,60.0,1.0
Spritzee,,Fairy,,341.0,78.0,52.0,60,63,65,23.0,1.0
Aromatisse,,Fairy,,462.0,,72.0,72,99,89,29.0,1.0
Swirlix,,Fairy,,341.0,62.0,48.0,66,59,57,49.0,1.0
Slurpuff,,Fairy,,,82.0,80.0,86,85,75,72.0,0.0
Inkay,,Dark,Psychic,288.0,53.0,54.0,53,37,46,45.0,1.0
Malamar,,Dark,Psychic,482.0,86.0,92.0,88,68,75,73.0,1.0
Binacle,,Rock,Water,306.0,42.0,52.0,67,39,56,50.0,0.0
Barbaracle,,Rock,Water,500.0,72.0,105.0,115,54,86,68.0,1.0
Skrelp,,Poison,Water,320.0,50.0,60.0,60,60,60,30.0,
Dragalge,,Poison,Dragon,494.0,65.0,75.0,90,97,123,44.0,1.0
Clauncher,,Water,,330.0,50.0,53.0,62,58,63,44.0,1.0
Clawitzer,,Water,,500.0,,73.0,88,120,89,59.0,1.0
Helioptile,,Electric,Normal,289.0,44.0,,33,61,43,70.0,
Heliolisk,,Electric,Normal,481.0,62.0,55.0,52,109,94,109.0,
Tyrunt,,Rock,Dragon,362.0,58.0,,77,45,45,48.0,1.0
Tyrantrum,,Rock,Dragon,521.0,82.0,,119,69,59,71.0,1.0
Amaura,,Rock,Ice,362.0,77.0,,50,67,63,46.0,0.0
Aurorus,,Rock,Ice,,123.0,77.0,72,99,92,58.0,1.0
Sylveon,,Fairy,,525.0,,65.0,65,110,130,60.0,0.0
Hawlucha,,Fighting,Flying,500.0,78.0,92.0,75,74,63,118.0,
Dedenne,,Electric,Fairy,431.0,67.0,58.0,57,81,67,101.0,1.0
Carbink,,Rock,Fairy,500.0,50.0,50.0,150,50,150,50.0,1.0
Goomy,,Dragon,,300.0,45.0,50.0,35,55,75,40.0,1.0
Sliggoo,,Dragon,,452.0,68.0,,53,83,113,60.0,0.0
Goodra,,Dragon,,600.0,90.0,100.0,70,110,150,80.0,1.0
Klefki,,Steel,Fairy,,,80.0,91,80,87,75.0,
Phantump,,Ghost,Grass,309.0,43.0,70.0,48,50,60,38.0,
Trevenant,,Ghost,Grass,474.0,85.0,110.0,76,65,82,56.0,
Pumpkaboo,Average Size ,Ghost,Grass,335.0,49.0,66.0,70,44,55,51.0,
Pumpkaboo,Small Size ,Ghost,Grass,335.0,,66.0,70,44,55,56.0,
Pumpkaboo,Large Size ,Ghost,Grass,335.0,54.0,66.0,70,44,55,46.0,
Pumpkaboo,Super Size ,Ghost,Grass,335.0,59.0,66.0,70,44,55,41.0,
Gourgeist,Average Size ,Ghost,Grass,494.0,65.0,90.0,122,58,75,84.0,
Gourgeist,Small Size ,Ghost,Grass,494.0,55.0,85.0,122,58,75,99.0,
Gourgeist,Large Size ,Ghost,Grass,494.0,75.0,95.0,122,58,75,69.0,
Gourgeist,Super Size ,Ghost,Grass,494.0,85.0,100.0,122,58,75,54.0,
Bergmite,,Ice,,304.0,55.0,69.0,85,32,35,28.0,
Avalugg,,Ice,,514.0,95.0,,184,44,46,28.0,
Noibat,,Flying,Dragon,,40.0,30.0,35,45,40,55.0,
Noivern,,Flying,Dragon,,85.0,,80,97,80,123.0,
Xerneas,,Fairy,,,126.0,131.0,95,131,98,99.0,
Yveltal,,Dark,Flying,680.0,126.0,131.0,95,131,98,99.0,
Zygarde ,50%,Dragon,Ground,600.0,108.0,100.0,121,81,95,95.0,
Zygarde ,10%,Dragon,Ground,486.0,54.0,100.0,71,61,85,115.0,
Zygarde ,Complete,Dragon,Ground,708.0,216.0,100.0,121,91,95,85.0,
Diancie,,Rock,Fairy,600.0,50.0,,150,100,150,50.0,
Diancie,Mega ,Rock,Fairy,700.0,50.0,160.0,110,160,110,110.0,
Hoopa,Confined ,Psychic,Ghost,600.0,80.0,110.0,60,150,130,70.0,
Hoopa,Unbound ,Psychic,Dark,680.0,80.0,160.0,60,170,130,80.0,
Volcanion,,Fire,Water,600.0,80.0,110.0,120,130,90,70.0,
Rowlet,,Grass,Flying,320.0,68.0,55.0,55,50,50,42.0,
Dartrix,,Grass,Flying,420.0,,75.0,75,70,70,52.0,
Decidueye,,Grass,Ghost,530.0,,107.0,75,100,100,70.0,
Litten,,Fire,,320.0,45.0,65.0,40,60,40,70.0,
Torracat,,Fire,,420.0,65.0,85.0,50,80,50,90.0,
Incineroar,,Fire,Dark,530.0,95.0,115.0,90,80,90,60.0,
Popplio,,Water,,320.0,50.0,54.0,54,66,56,40.0,
Brionne,,Water,,420.0,60.0,,69,91,81,50.0,
Primarina,,Water,Fairy,530.0,80.0,,74,126,116,60.0,
Pikipek,,Normal,Flying,265.0,35.0,75.0,30,30,30,65.0,
Trumbeak,,Normal,Flying,,55.0,,50,40,50,75.0,
Toucannon,,Normal,Flying,485.0,80.0,120.0,75,75,75,60.0,
Yungoos,,Normal,,253.0,48.0,70.0,30,30,30,45.0,
Gumshoos,,Normal,,418.0,88.0,110.0,60,55,60,45.0,
Grubbin,,Bug,,300.0,47.0,62.0,45,55,45,46.0,
Charjabug,,Bug,Electric,400.0,57.0,82.0,95,55,75,36.0,
Vikavolt,,Bug,Electric,500.0,,,90,145,75,43.0,
Crabrawler,,Fighting,,338.0,47.0,82.0,57,42,47,63.0,
Crabominable,,Fighting,Ice,478.0,97.0,132.0,77,62,67,43.0,
Oricorio,Baile ,Fire,Flying,476.0,75.0,70.0,70,98,70,93.0,
Oricorio,Pom-Pom,Electric,Flying,476.0,75.0,70.0,70,98,70,93.0,
Oricorio,Pa'u ,Psychic,Flying,476.0,75.0,70.0,70,98,70,93.0,
Oricorio,Sensu ,Ghost,Flying,476.0,75.0,70.0,70,98,70,93.0,
Cutiefly,,Bug,Fairy,304.0,,45.0,40,55,40,84.0,
Ribombee,,Bug,Fairy,,60.0,55.0,60,95,70,124.0,
Rockruff,,Rock,,,45.0,,40,30,40,60.0,
Lycanroc,Midday ,Rock,,,75.0,115.0,65,55,65,112.0,
Lycanroc,Midnight ,Rock,,,85.0,115.0,75,55,75,82.0,
Lycanroc,Dusk ,Rock,,487.0,75.0,,65,55,65,110.0,
Wishiwashi,Solo ,Water,,,45.0,20.0,20,25,25,40.0,
Wishiwashi,School ,Water,,620.0,45.0,140.0,130,140,135,30.0,
Mareanie,,Poison,Water,305.0,50.0,53.0,62,43,52,45.0,
Toxapex,,Poison,Water,495.0,50.0,63.0,152,53,142,35.0,
Mudbray,,Ground,,385.0,70.0,100.0,70,45,55,45.0,
Mudsdale,,Ground,,500.0,100.0,125.0,100,55,85,35.0,
Dewpider,,Water,Bug,269.0,,40.0,52,40,72,27.0,
Araquanid,,Water,Bug,454.0,68.0,70.0,92,50,132,42.0,
Fomantis,,Grass,,250.0,40.0,55.0,35,50,35,35.0,
Lurantis,,Grass,,480.0,70.0,,90,80,90,45.0,
Morelull,,Grass,Fairy,285.0,40.0,,55,65,75,15.0,
Shiinotic,,Grass,Fairy,405.0,60.0,45.0,80,90,100,30.0,
Salandit,,Poison,Fire,320.0,48.0,44.0,40,71,40,77.0,
Salazzle,,Poison,Fire,480.0,68.0,64.0,60,111,60,117.0,
Stufful,,Normal,Fighting,340.0,70.0,75.0,50,45,50,50.0,
Bewear,,Normal,Fighting,500.0,120.0,125.0,80,55,60,60.0,
Bounsweet,,Grass,,210.0,42.0,30.0,38,30,38,32.0,
Steenee,,Grass,,290.0,52.0,40.0,48,40,48,62.0,
Tsareena,,Grass,,510.0,72.0,120.0,98,50,98,72.0,
Comfey,,Fairy,,485.0,51.0,,90,82,110,100.0,
Oranguru,,Normal,Psychic,490.0,90.0,,80,90,110,60.0,
Passimian,,Fighting,,490.0,,120.0,90,40,60,80.0,
Wimpod,,Bug,Water,230.0,25.0,35.0,40,20,30,80.0,
Golisopod,,Bug,Water,530.0,75.0,125.0,140,60,90,40.0,
Sandygast,,Ghost,Ground,320.0,55.0,,80,70,45,15.0,
Palossand,,Ghost,Ground,480.0,85.0,75.0,110,100,75,35.0,
Pyukumuku,,Water,,410.0,55.0,60.0,130,30,130,5.0,
Type:Null,,Normal,,,95.0,95.0,95,95,95,59.0,
Silvally,,Normal,,570.0,95.0,95.0,95,95,95,95.0,
Minior,Meteor ,Rock,Flying,440.0,60.0,60.0,100,60,100,60.0,
Minior,Core ,Rock,Flying,500.0,60.0,,60,100,60,120.0,
Komala,,Normal,,480.0,65.0,115.0,65,75,95,65.0,
Turtonator,,Fire,Dragon,485.0,60.0,78.0,135,91,85,36.0,
Togedemaru,,Electric,Steel,435.0,65.0,98.0,63,40,73,96.0,
Mimikyu,,Ghost,Fairy,476.0,55.0,90.0,80,50,105,96.0,
Bruxish,,Water,Psychic,475.0,68.0,105.0,70,70,70,92.0,
Drampa,,Normal,Dragon,,78.0,,85,135,91,36.0,
Dhelmise,,Ghost,Grass,517.0,70.0,131.0,100,86,90,40.0,
Jangmo-o,,Dragon,,300.0,45.0,55.0,65,45,45,45.0,
Hakamo-o,,Dragon,Fighting,420.0,55.0,75.0,90,65,70,65.0,
Kommo-o,,Dragon,Fighting,600.0,75.0,110.0,125,100,105,85.0,
Tapu Koko,,Electric,Fairy,570.0,70.0,115.0,85,95,75,130.0,
Tapu Lele,,Psychic,Fairy,570.0,70.0,85.0,75,130,115,95.0,
Tapu Bulu,,Grass,Fairy,570.0,70.0,130.0,115,85,95,75.0,
Tapu Fini,,Water,Fairy,570.0,70.0,75.0,115,95,130,85.0,
Cosmog,,Psychic,,200.0,43.0,29.0,31,29,31,37.0,
Cosmoem,,Psychic,,400.0,43.0,29.0,131,29,131,37.0,
Solgaleo,,Psychic,Steel,,137.0,137.0,107,113,89,97.0,
Lunala,,Psychic,Ghost,680.0,137.0,113.0,89,137,107,97.0,
Nihilego,,Rock,Poison,570.0,109.0,53.0,47,127,131,103.0,
Buzzwole,,Bug,Fighting,570.0,107.0,139.0,139,53,53,79.0,
Pheromosa,,Bug,Fighting,,71.0,137.0,37,137,37,151.0,
Xurkitree,,Electric,,,83.0,,71,173,71,83.0,
Celesteela,,Steel,Flying,570.0,97.0,,103,107,101,61.0,
Kartana,,Grass,Steel,,59.0,181.0,131,59,31,109.0,
Guzzlord,,Dark,Dragon,570.0,223.0,101.0,53,97,53,43.0,
Necrozma,,Psychic,,600.0,,107.0,101,127,89,79.0,
Necrozma,Dusk Mane ,Psychic,Steel,680.0,,157.0,127,113,109,77.0,
Necrozma,Dawn Wings ,Psychic,Ghost,680.0,97.0,,109,157,127,77.0,
Necrozma,Ultra ,Psychic,Dragon,754.0,97.0,167.0,97,167,97,129.0,
Magearna,,Steel,Fairy,600.0,80.0,95.0,115,130,115,65.0,
Marshadow,,Fighting,Ghost,600.0,90.0,125.0,80,90,90,125.0,
Poipole,,Poison,,420.0,67.0,73.0,67,73,67,73.0,
Naganadel,,Poison,Dragon,540.0,73.0,73.0,73,127,73,121.0,
Stakataka,,Rock,Steel,570.0,61.0,131.0,211,53,101,13.0,
Blacephalon,,Fire,Ghost,570.0,53.0,127.0,53,151,79,107.0,
Zeraora,,Electric,,600.0,88.0,112.0,75,102,80,143.0,
Meltan,,Steel,,300.0,,65.0,65,55,35,34.0,
Melmetal,,Steel,,600.0,135.0,143.0,143,80,65,34.0,
Grookey,,Grass,,,50.0,65.0,50,40,40,65.0,
Thwackey,,Grass,,420.0,70.0,85.0,70,55,60,80.0,
Rillaboom,,Grass,,530.0,100.0,125.0,90,60,70,85.0,
Scorbunny,,Fire,,310.0,,71.0,40,40,40,69.0,
Raboot,,Fire,,420.0,65.0,86.0,60,55,60,94.0,
Cinderace,,Fire,,530.0,80.0,116.0,75,65,75,119.0,
Sobble,,Water,,310.0,50.0,,40,70,40,70.0,
Drizzile,,Water,,420.0,65.0,60.0,55,95,55,90.0,
Inteleon,,Water,,530.0,70.0,,65,125,65,120.0,
Skwovet,,Normal,,275.0,70.0,55.0,55,35,35,25.0,
Greedent,,Normal,,460.0,120.0,95.0,95,55,75,20.0,
Rookidee,,Flying,,245.0,38.0,47.0,35,33,35,57.0,
Corvisquire,,Flying,,365.0,68.0,67.0,55,43,55,77.0,
Corviknight,,Flying,Steel,495.0,,87.0,105,53,85,67.0,
Blipbug,,Bug,,180.0,25.0,,20,25,45,45.0,
Dottler,,Bug,Psychic,335.0,50.0,35.0,80,50,90,30.0,
Orbeetle,,Bug,Psychic,505.0,60.0,45.0,110,80,120,90.0,
Nickit,,Dark,,245.0,40.0,28.0,28,47,52,50.0,
Thievul,,Dark,,455.0,70.0,58.0,58,87,92,90.0,
Gossifleur,,Grass,,,,40.0,60,40,60,10.0,
Eldegoss,,Grass,,460.0,,50.0,90,80,120,60.0,
Wooloo,,Normal,,270.0,42.0,40.0,55,40,45,48.0,
Dubwool,,Normal,,490.0,72.0,80.0,100,60,90,88.0,
Chewtle,,Water,,284.0,50.0,64.0,50,38,38,44.0,
Drednaw,,Water,Rock,,90.0,115.0,90,48,68,74.0,
Yamper,,Electric,,270.0,59.0,45.0,50,40,50,26.0,
Boltund,,Electric,,490.0,69.0,90.0,60,90,60,121.0,
Rolycoly,,Rock,,240.0,30.0,40.0,50,40,50,30.0,
Carkol,,Rock,Fire,410.0,80.0,60.0,90,60,70,50.0,
Coalossal,,Rock,Fire,,110.0,80.0,120,80,90,30.0,
Applin,,Grass,Dragon,260.0,40.0,40.0,80,40,40,20.0,
Flapple,,Grass,Dragon,,70.0,110.0,80,95,60,70.0,
Appletun,,Grass,Dragon,485.0,110.0,85.0,80,100,80,30.0,
Silicobra,,Ground,,315.0,52.0,57.0,75,35,50,46.0,
Sandaconda,,Ground,,510.0,,,125,65,70,71.0,
Cramorant,,Flying,Water,475.0,70.0,85.0,55,85,95,85.0,
Arrokuda,,Water,,280.0,41.0,63.0,40,40,30,66.0,
Barraskewda,,Water,,490.0,,123.0,60,60,50,136.0,
Toxel,,Electric,Poison,242.0,40.0,38.0,35,54,35,40.0,
Toxtricity,Low Key ,Electric,Poison,502.0,75.0,98.0,70,114,70,75.0,
Toxtricity,Amped ,Electric,Poison,502.0,,98.0,70,114,70,75.0,
Sizzlipede,,Fire,Bug,305.0,50.0,65.0,45,50,50,45.0,1.0
Centiskorch,,Fire,Bug,525.0,100.0,115.0,65,90,90,65.0,0.0
Clobbopus,,Fighting,,310.0,50.0,68.0,60,50,50,32.0,1.0
Grapploct,,Fighting,,480.0,,118.0,90,70,80,42.0,0.0
Sinistea,,Ghost,,308.0,40.0,45.0,45,74,54,50.0,1.0
Polteageist,,Ghost,,508.0,60.0,65.0,65,134,114,70.0,1.0
Hatenna,,Psychic,,265.0,42.0,,45,56,53,39.0,
Hattrem,,Psychic,,370.0,57.0,40.0,65,86,73,49.0,1.0
Hatterene,,Psychic,Fairy,510.0,57.0,90.0,95,136,103,29.0,0.0
Impidimp,,Dark,Fairy,265.0,45.0,45.0,30,55,40,50.0,1.0
Morgrem,,Dark,Fairy,370.0,65.0,60.0,45,75,55,70.0,1.0
Grimmsnarl,,Dark,Fairy,510.0,,120.0,65,95,75,60.0,0.0
Obstagoon,,Dark,Normal,520.0,93.0,90.0,101,60,81,95.0,1.0
Perrserker,,Steel,,440.0,,110.0,100,50,60,50.0,0.0
Cursola,,Ghost,,510.0,60.0,95.0,50,145,130,30.0,1.0
Sirfetch'd,,Fighting,,507.0,62.0,135.0,95,68,82,65.0,1.0
Mr.Rime,,Ice,Psychic,520.0,80.0,85.0,75,110,100,70.0,1.0
Runerigus,,Ground,Ghost,,58.0,95.0,145,50,105,30.0,1.0
Milcery,,Fairy,,270.0,45.0,40.0,40,50,61,34.0,0.0
Alcremie,,Fairy,,495.0,65.0,60.0,75,110,121,64.0,1.0
Falinks,,Fighting,,470.0,65.0,100.0,100,70,60,75.0,1.0
Pincurchin,,Electric,,435.0,48.0,,95,91,85,15.0,0.0
Snom,,Ice,Bug,185.0,30.0,,35,45,30,20.0,1.0
Frosmoth,,Ice,Bug,475.0,70.0,65.0,60,125,90,65.0,0.0
Stonjourner,,Rock,,470.0,100.0,125.0,135,20,20,70.0,1.0
Eiscue,Ice Face ,Ice,,470.0,75.0,80.0,110,65,90,50.0,1.0
Eiscue,Noice Face ,Ice,,470.0,,80.0,70,65,50,130.0,1.0
Indeedee,Male ,Psychic,Normal,475.0,60.0,,55,105,95,95.0,1.0
Indeedee,Female ,Psychic,Normal,475.0,70.0,55.0,65,95,105,85.0,0.0
Morpeko,,Electric,Dark,,58.0,95.0,58,70,58,97.0,1.0
Cufant,,Steel,,330.0,72.0,80.0,49,40,49,40.0,1.0
Copperajah,,Steel,,500.0,122.0,,69,80,69,30.0,0.0
Dracozolt,,Electric,Dragon,505.0,90.0,100.0,90,80,70,75.0,
Arctozolt,,Electric,Ice,505.0,90.0,,90,90,80,55.0,0.0
Dracovish,,Water,Dragon,505.0,90.0,90.0,100,70,80,75.0,1.0
Arctovish,,Water,Ice,505.0,90.0,,100,80,90,55.0,1.0
Duraludon,,Steel,Dragon,535.0,70.0,95.0,115,120,50,85.0,
Dreepy,,Dragon,Ghost,270.0,28.0,60.0,30,40,30,82.0,1.0
Drakloak,,Dragon,Ghost,410.0,68.0,80.0,50,60,50,102.0,0.0
Dragapult,,Dragon,Ghost,600.0,88.0,120.0,75,100,75,142.0,1.0
Zacian,Crowned Sword ,Fairy,Steel,720.0,,170.0,115,80,115,148.0,
Zacian,Hero of Many Battles ,Fairy,,670.0,92.0,130.0,115,80,115,138.0,
Zamazenta,Crowned Shield ,Fighting,Steel,720.0,92.0,130.0,145,80,145,128.0,
Zamazenta,Hero of Many Battles ,Fighting,,670.0,,130.0,115,80,115,138.0,
Eternatus,,Poison,Dragon,690.0,140.0,85.0,95,145,95,130.0,
Eternatus,Eternamax ,Poison,Dragon,1125.0,255.0,115.0,250,125,250,130.0,
Kubfu,,Fighting,,385.0,60.0,90.0,60,53,50,72.0,
Urshifu,Single Strike ,Fighting,Dark,550.0,100.0,130.0,100,63,60,97.0,
Urshifu,Rapid Strike ,Fighting,Water,,100.0,130.0,100,63,60,97.0,
Zarude,,Dark,Grass,600.0,105.0,120.0,105,70,95,105.0,
Regieleki,,Electric,,580.0,80.0,100.0,50,100,50,200.0,
Regidrago,,Dragon,,580.0,200.0,100.0,50,100,50,80.0,
Glastrier,,Ice,,580.0,100.0,,130,65,110,30.0,
Spectrier,,Ghost,,580.0,100.0,65.0,60,145,80,130.0,
Calyrex,,Psychic,Grass,500.0,,80.0,80,80,80,80.0,
Calyrex,Ice Rider ,Psychic,Ice,680.0,,165.0,150,85,130,50.0,
Calyrex,Shadow Rider ,Psychic,Ghost,680.0,100.0,85.0,80,165,100,150.0,
Sneasel,Hisuian ,Poison,Fighting,430.0,55.0,,55,35,75,115.0,
Sneasler,,Poison,Fighting,510.0,80.0,,60,40,80,120.0,
Qwilfish,Hisuian ,Dark,Poison,440.0,,95.0,85,55,55,85.0,
Overqwil,,Dark,Poison,510.0,85.0,115.0,95,65,65,85.0,
Voltorb,Hisuian ,Electric,Grass,330.0,40.0,30.0,50,55,55,100.0,
Electrode,Hisuian ,Eletric,Grass,490.0,60.0,50.0,70,80,80,150.0,
Zorua,Hisuian ,Normal,Ghost,330.0,35.0,60.0,40,85,40,70.0,
Zoroark,Hisuian ,Normal,Ghost,510.0,55.0,100.0,60,125,60,110.0,
Growlithe,Hisuian ,Fire,Rock,350.0,60.0,75.0,45,65,50,55.0,
Arcanine,Hisuian ,Fire,Rock,555.0,95.0,,80,95,80,90.0,
Braviary,Hisuian ,Psychic,Flying,510.0,110.0,83.0,70,112,70,65.0,
Sliggoo,Hisuian ,Dragon,Steel,452.0,58.0,75.0,83,83,113,40.0,
Goodra,Hisuian ,Dragon,Steel,600.0,80.0,100.0,100,110,150,60.0,
Lilligant,Hisuian ,Grass,Fighting,,70.0,105.0,75,50,75,105.0,
Samurott,Hisuian ,Water,Dark,528.0,90.0,108.0,80,100,65,85.0,
Typhlosion,Hisuian ,Fire,Ghost,534.0,,84.0,78,119,85,95.0,
Decidueye,Hisuian ,Grass,Fighting,530.0,88.0,112.0,80,95,95,60.0,
Avalugg,Hisuian ,Ice,Rock,514.0,95.0,,184,34,36,38.0,
Dialga,Origin ,Steel,Dragon,680.0,,100.0,120,150,120,90.0,
Palkia,Origin ,Water,Dragon,680.0,,100.0,100,150,120,120.0,
Enamorus,Incarnate ,Fairy,Flying,580.0,,115.0,70,135,80,106.0,
Enamorus,Therian  ,Fairy,Flying,580.0,74.0,,110,135,100,46.0,
Wyrdeer,,Normal,Psychic,525.0,103.0,105.0,72,105,75,65.0,
Basculin,White-Striped ,Water,,460.0,70.0,92.0,65,80,55,98.0,
Basculegion,Male ,Water,Ghost,530.0,120.0,112.0,65,80,75,78.0,
Basculegion,Female ,Water,Ghost,530.0,120.0,92.0,65,100,75,78.0,
Kleavor,,Bug,Rock,505.0,70.0,135.0,95,45,75,85.0,
Ursaluna,,Normal,Ground,550.0,130.0,140.0,105,45,80,50.0,
